slug,name,kind,mondo,residual,contested,mechanism,intervention,prevention,ongoing,efficacy,access,diagnostic,prognostic,predictive,toll_severity,toll_incidence,capability,terms,residue_severity,residue_terms,restored,reach,delivery,quadrant,orphaned,has_window,spans_ladder,overtreatment_risk,futile_treatment_risk,cured_at_a_price,only_knowledge_blockers,measurement_gap,cheapest_priced_blocker,blocker_kinds,actors,assertion
pleomorphic-adenoma,pleomorphic adenoma of the salivary gland,disease,MONDO:0008401,False,False,partial,curative,none,none,0.97,0.7,objective,none,n/a,major,0.025,curable,costly,,clean,cure-costs,0.679,mostly,known & treatable,False,True,False,True,False,True,False,True,10000000.0,diagnosis|knowledge|logistics,academic|health-system|nonprofit,FND-A-0015
hat,human African trypanosomiasis,disease,MONDO:0005459,False,False,established,curative,risk-reduction,low,0.95,0.7,objective,good,good,minor,0.0,curable,clean,major,costly,disease-residue,0.665,mostly,known & treatable,False,True,False,False,False,False,False,False,50000000.0,knowledge|logistics|no-sponsor|policy,academic|government|health-system|manufacturer|nonprofit|payer|philanthropy|sponsor,FND-A-0026
tuberculosis,tuberculosis,disease,MONDO:0018076,False,False,established,curative,prophylaxis,moderate,0.85,0.72,objective,partial,good,minor,0.05,curable,clean,major,costly,disease-residue,0.612,mostly,known & treatable,False,False,False,False,False,False,False,False,500000000.0,adherence|cost|diagnosis|knowledge|no-sponsor,academic|government|health-system|manufacturer|nonprofit|patient-org|payer|philanthropy|sponsor,FND-A-0070
covid-19,COVID-19,disease,MONDO:0100096,False,False,established,curative,prophylaxis,low,0.97,0.6,objective,partial,partial,minor,0.005,curable,clean,major,costly,disease-residue,0.582,partly,known & treatable,True,True,True,False,False,False,False,False,2000000000.0,cost|evidence-incomplete|knowledge|policy,academic|government|health-system|legislator|manufacturer|nonprofit|patient-org|payer|philanthropy|regulator|sponsor,FND-A-0077
leprosy,leprosy,disease,MONDO:0005124,False,False,established,curative,prophylaxis,moderate,0.95,0.6,clinical,none,partial,minor,0.05,curable,clean,major,costly,disease-residue,0.57,partly,known & treatable,True,True,False,False,False,False,False,False,100000000.0,diagnosis|knowledge|logistics|policy,academic|government|health-system|legislator|nonprofit|patient-org|philanthropy|sponsor,FND-A-0035
thyroid-cancer,thyroid cancer,disease,MONDO:0002108,False,False,established,curative,risk-reduction,moderate,0.95,0.6,objective,partial,partial,major,0.05,curable,costly,,clean,cure-costs,0.57,partly,known & treatable,True,False,True,False,False,True,False,False,500000000.0,cost|diagnosis|knowledge|policy,academic|government|health-system|manufacturer|payer|philanthropy|regulator|sponsor,FND-A-0061
typhoid,typhoid fever,disease,MONDO:0005619,False,False,established,curative,prophylaxis,none,0.95,0.6,clinical,partial,partial,minor,0.01,curable,clean,,clean,restored,0.57,partly,known & treatable,True,True,False,False,False,False,False,False,500000000.0,diagnosis|knowledge|logistics|policy,academic|government|health-system|legislator|manufacturer|nonprofit|payer|philanthropy|regulator|sponsor,FND-A-0066
trachoma,trachoma,disease,MONDO:0001249,False,False,established,curative,risk-reduction,low,0.85,0.65,clinical,none,none,minor,0.0,curable,clean,major,costly,disease-residue,0.5525,partly,known & treatable,True,True,True,False,False,False,False,False,50000000.0,evidence-incomplete|knowledge|logistics|policy,academic|government|health-system|legislator|nonprofit|philanthropy|sponsor,FND-A-0036
gonorrhoea,gonorrhoea,disease,MONDO:0004277,False,False,established,curative,risk-reduction,none,0.95,0.55,objective,partial,partial,minor,0.01,curable,clean,major,costly,disease-residue,0.5225,partly,known & treatable,True,False,False,False,False,False,False,False,300000000.0,diagnosis|knowledge|no-sponsor|policy,academic|government|health-system|manufacturer|nonprofit|payer|philanthropy|sponsor,FND-A-0118
malaria,malaria,disease,MONDO:0005136,False,False,established,curative,prophylaxis,low,0.93,0.55,objective,partial,partial,minor,0.01,curable,clean,major,costly,disease-residue,0.5115,partly,known & treatable,True,True,False,False,False,False,False,False,1500000000.0,cost|diagnosis|knowledge|logistics|tooling,academic|government|health-system|legislator|manufacturer|nonprofit|payer|philanthropy|sponsor,FND-A-0069
h-pylori-ulcer,peptic ulcer disease caused by Helicobacter pylori,disease,MONDO:0004247,False,False,established,curative,risk-reduction,none,0.85,0.6,objective,partial,partial,none,0.0,curable,clean,minor,clean,restored,0.51,partly,known & treatable,True,False,False,False,False,False,False,False,10000000.0,diagnosis|tooling,academic|health-system|software,FND-A-0001
uterine-fibroids,Uterine fibroids,disease,unresolved,False,False,partial,curative,none,moderate,0.9,0.55,objective,none,none,major,0.45,curable,costly,major,costly,both,0.495,partly,known & treatable,True,True,False,True,True,True,False,True,300000000.0,cost|diagnosis|knowledge,academic|government|health-system|manufacturer|patient-org|payer|sponsor,FND-A-0140
benign-prostatic-hyperplasia,Benign prostatic hyperplasia,disease,unresolved,False,False,partial,curative,none,moderate,0.82,0.6,complaint,partial,partial,major,0.7,curable,costly,major,costly,both,0.492,partly,known & treatable,True,True,False,False,False,True,False,False,10000000.0,diagnosis|knowledge|logistics|policy,academic|government|health-system|patient-org|payer|philanthropy|regulator|sponsor,FND-A-0139
mrsa,MRSA infection,disease,MONDO:0100073,False,False,established,curative,prophylaxis,low,0.8,0.6,objective,partial,good,minor,0.05,curable,clean,major,costly,disease-residue,0.48,partly,known & treatable,True,True,True,False,False,False,False,False,2000000000.0,diagnosis|knowledge|logistics|no-sponsor,academic|government|health-system|legislator|manufacturer|payer|philanthropy|regulator|sponsor,FND-A-0067
genital-chlamydia,genital chlamydia infection,disease,MONDO:0005701,False,False,established,curative,risk-reduction,none,0.95,0.5,objective,partial,n/a,minor,0.02,curable,clean,major,costly,disease-residue,0.475,partly,known & treatable,True,False,False,False,False,False,False,False,300000000.0,evidence-incomplete|knowledge,academic|government|health-system|manufacturer|philanthropy|sponsor,FND-A-0121
visceral-leishmaniasis,visceral leishmaniasis,disease,MONDO:0005445,False,False,established,curative,risk-reduction,low,0.85,0.55,objective,partial,partial,minor,0.02,curable,clean,minor,clean,restored,0.4675,partly,known & treatable,True,False,True,False,False,False,False,False,50000000.0,diagnosis|knowledge|logistics|no-sponsor,academic|government|health-system|manufacturer|nonprofit|payer|philanthropy|sponsor,FND-A-0024
bacterial-meningitis,bacterial meningitis,disease,MONDO:0006670,False,False,established,curative,prophylaxis,none,0.8,0.55,objective,good,partial,minor,0.02,curable,clean,catastrophic,harsh,disease-residue,0.44,partly,known & treatable,True,True,False,False,False,False,False,False,100000000.0,diagnosis|knowledge|logistics|policy,academic|government|health-system|manufacturer|nonprofit|payer|philanthropy|sponsor,FND-A-0130
coccidioidomycosis,coccidioidomycosis,disease,MONDO:0005706,False,False,established,curative,risk-reduction,moderate,0.8,0.55,objective,partial,none,major,0.2,curable,costly,major,costly,both,0.44,partly,known & treatable,True,False,True,False,True,True,False,True,20000000.0,diagnosis|evidence-incomplete|knowledge|no-sponsor|policy,academic|government|health-system|legislator|manufacturer|nonprofit|philanthropy|regulator|sponsor,FND-A-0112
maternal-haemorrhage,obstetric haemorrhage,syndrome,unresolved,False,False,established,curative,prophylaxis,low,0.97,0.45,objective,partial,partial,major,0.02,curable,costly,major,costly,both,0.4365,partly,known & treatable,True,True,False,False,False,True,False,False,500000000.0,diagnosis|logistics|manufacturing|policy,government|health-system|legislator|manufacturer|nonprofit|payer|philanthropy|regulator,FND-A-0074
syphilis,syphilis,disease,MONDO:0005976,False,False,established,curative,risk-reduction,none,0.97,0.45,objective,partial,n/a,minor,0.03,curable,clean,catastrophic,harsh,disease-residue,0.4365,partly,known & treatable,True,False,False,False,False,False,False,False,60000000.0,diagnosis|evidence-incomplete|knowledge|manufacturing|policy,academic|government|health-system|legislator|manufacturer|nonprofit|payer|philanthropy|regulator|sponsor,FND-A-0117
schistosomiasis,schistosomiasis,disease,MONDO:0015254,False,False,established,curative,risk-reduction,low,0.87,0.5,objective,none,n/a,minor,0.0,curable,clean,major,costly,disease-residue,0.435,partly,known & treatable,True,True,False,False,False,False,False,False,100000000.0,diagnosis|knowledge|logistics|policy,academic|government|health-system|legislator|manufacturer|nonprofit|philanthropy|sponsor,FND-A-0025
scabies,scabies,disease,MONDO:0004525,False,False,established,curative,risk-reduction,low,0.85,0.5,clinical,none,none,minor,0.0,curable,clean,minor,clean,restored,0.425,partly,known & treatable,True,False,False,False,False,False,False,False,50000000.0,diagnosis|knowledge|logistics|policy,academic|government|health-system|manufacturer|nonprofit|patient-org|philanthropy|sponsor,FND-A-0038
childhood-pneumonia,pneumonia in children under five,disease,MONDO:0005249,False,False,established,curative,prophylaxis,low,0.94,0.45,clinical,partial,none,minor,0.005,curable,clean,major,costly,disease-residue,0.423,partly,known & treatable,True,True,False,False,False,False,False,False,1000000000.0,cost|diagnosis|knowledge|logistics|policy,academic|government|health-system|legislator|manufacturer|nonprofit|payer|philanthropy|sponsor,FND-A-0072
soil-transmitted-helminths,soil-transmitted helminthiasis,disease,unresolved,False,False,partial,curative,risk-reduction,low,0.7,0.6,objective,none,partial,minor,0.0,curable,clean,minor,clean,restored,0.42,partly,known & treatable,True,False,False,False,False,False,False,False,50000000.0,diagnosis|evidence-incomplete|knowledge|policy,academic|government|health-system|legislator|nonprofit|philanthropy|sponsor,FND-A-0029
diarrhoeal-disease,diarrhoeal disease,syndrome,MONDO:0001673,False,False,established,curative,prophylaxis,low,0.92,0.45,clinical,partial,partial,minor,0.002,curable,clean,major,costly,disease-residue,0.414,partly,known & treatable,True,True,True,False,False,False,False,False,1000000000.0,adherence|diagnosis|knowledge|no-sponsor|policy,academic|government|health-system|legislator|manufacturer|nonprofit|payer|philanthropy|sponsor,FND-A-0075
buruli-ulcer,Buruli ulcer,disease,MONDO:0000327,False,False,partial,curative,none,moderate,0.9,0.45,objective,partial,n/a,minor,0.0,curable,clean,major,costly,disease-residue,0.405,partly,known & treatable,True,True,False,False,False,False,False,False,30000000.0,diagnosis|evidence-incomplete|knowledge|logistics,academic|government|health-system|manufacturer|nonprofit|philanthropy|sponsor,FND-A-0033
vulvar-cancer,vulvar cancer,disease,MONDO:0001528,False,False,established,curative,risk-reduction,low,0.72,0.55,clinical,good,none,major,0.35,curable,costly,,clean,cure-costs,0.396,partly,known & treatable,True,False,False,False,True,True,False,True,100000000.0,diagnosis|knowledge|logistics,academic|government|health-system|patient-org|payer|sponsor,FND-A-0126
anal-cancer,anal cancer,disease,MONDO:0000405,False,False,established,curative,prophylaxis,low,0.7,0.55,objective,partial,none,major,0.4,curable,costly,,clean,cure-costs,0.385,partly,known & treatable,True,False,False,False,True,True,False,True,200000000.0,knowledge|logistics|policy,academic|government|health-system|payer|sponsor,FND-A-0124
amr-infection,infection with multidrug-resistant bacteria,syndrome,unresolved,False,False,established,curative,risk-reduction,low,0.75,0.5,objective,partial,partial,minor,0.1,curable,clean,major,costly,disease-residue,0.375,partly,known & treatable,True,False,False,False,False,False,False,False,100000000.0,no-sponsor|policy|regulatory|tooling,academic|government|legislator|nonprofit|philanthropy|regulator|software,FND-A-0014
uterine-cancer,uterine corpus cancer,disease,MONDO:0006003,False,False,established,curative,risk-reduction,moderate,0.75,0.5,objective,partial,partial,major,0.35,curable,costly,,clean,cure-costs,0.375,partly,known & treatable,True,True,True,False,False,True,False,False,1000000000.0,cost|diagnosis|knowledge|policy,academic|government|health-system|legislator|manufacturer|nonprofit|patient-org|payer|philanthropy|sponsor,FND-A-0064
anaemia,anaemia,syndrome,MONDO:0002280,False,True,partial,curative,prophylaxis,low,0.8,0.45,objective,partial,partial,minor,0.01,curable,clean,major,costly,disease-residue,0.36,partly,known & treatable,True,True,True,False,False,False,False,False,200000000.0,adherence|diagnosis|knowledge|logistics|policy,academic|government|health-system|legislator|manufacturer|nonprofit|patient-org|payer|philanthropy|regulator|software|sponsor,FND-A-0099
breast-cancer,breast cancer,disease,MONDO:0007254,False,False,partial,curative,risk-reduction,moderate,0.8,0.45,objective,partial,partial,major,0.35,curable,costly,,clean,cure-costs,0.36,partly,known & treatable,True,True,True,False,False,True,False,False,100000000.0,cost|diagnosis|knowledge|logistics|tooling,academic|government|health-system|manufacturer|nonprofit|payer|philanthropy|software|sponsor,FND-A-0017
melanoma,melanoma,disease,MONDO:0005105,False,False,established,curative,risk-reduction,low,0.8,0.45,objective,partial,partial,minor,0.04,curable,clean,,clean,restored,0.36,partly,known & treatable,True,True,True,False,False,False,False,False,500000000.0,cost|diagnosis|knowledge|policy,academic|government|health-system|legislator|manufacturer|nonprofit|payer|philanthropy|sponsor,FND-A-0054
candidaemia,candidaemia,disease,MONDO:0044070,False,False,established,curative,risk-reduction,low,0.7,0.5,objective,partial,partial,minor,0.05,curable,clean,major,costly,disease-residue,0.35,partly,known & treatable,True,False,False,False,False,False,False,False,40000000.0,diagnosis|knowledge|logistics|policy,academic|government|health-system|manufacturer|nonprofit|payer|philanthropy|regulator|sponsor,FND-A-0113
prostate-cancer,prostate cancer,disease,MONDO:0008315,False,False,established,curative,none,moderate,0.75,0.45,objective,partial,partial,major,0.45,curable,costly,,clean,cure-costs,0.3375,partly,known & treatable,True,True,True,False,False,True,False,False,1000000000.0,cost|diagnosis|evidence-incomplete|knowledge,academic|government|health-system|manufacturer|patient-org|payer|philanthropy|sponsor,FND-A-0051
neonatal-conditions,neonatal conditions,syndrome,MONDO:0100086,False,False,partial,curative,prophylaxis,low,0.95,0.35,clinical,partial,none,major,0.05,curable,costly,major,costly,both,0.3325,partly,known & treatable,True,True,True,False,True,True,False,True,1000000000.0,cost|diagnosis|evidence-incomplete|knowledge|logistics,academic|government|health-system|manufacturer|nonprofit|payer|philanthropy|regulator|sponsor,FND-A-0073
yaws,yaws,disease,MONDO:0006019,False,False,established,curative,risk-reduction,low,0.95,0.35,objective,none,n/a,minor,0.0,curable,clean,major,costly,disease-residue,0.3325,partly,known & treatable,True,True,False,False,False,False,False,False,50000000.0,diagnosis|knowledge|no-sponsor|policy,academic|government|health-system|manufacturer|nonprofit|philanthropy|sponsor,FND-A-0034
cataract,cataract,disease,MONDO:0005129,False,False,established,curative,risk-reduction,none,0.9,0.35,objective,good,partial,minor,0.005,curable,clean,major,costly,disease-residue,0.315,partly,known & treatable,True,True,False,False,False,False,False,False,1500000000.0,cost|diagnosis|knowledge|logistics|policy,academic|government|health-system|manufacturer|nonprofit|payer|philanthropy|sponsor,FND-A-0090
childhood-all,childhood acute lymphoblastic leukaemia,disease,MONDO:0000870,False,False,established,curative,none,moderate,0.9,0.35,objective,good,good,major,0.55,curable,costly,,clean,cure-costs,0.315,partly,known & treatable,True,False,False,False,False,True,False,False,500000000.0,cost|knowledge|logistics|policy,academic|government|health-system|manufacturer|nonprofit|payer|philanthropy|sponsor,FND-A-0055
trichomoniasis,trichomoniasis,disease,MONDO:0002154,False,False,established,curative,risk-reduction,none,0.9,0.35,objective,partial,partial,minor,0.02,curable,clean,minor,clean,restored,0.315,partly,known & treatable,True,False,False,False,False,False,False,False,80000000.0,knowledge|no-sponsor|policy,academic|government|health-system|manufacturer|nonprofit|payer|philanthropy|sponsor,FND-A-0122
uveal-melanoma,uveal melanoma,disease,MONDO:0006486,False,False,partial,curative,none,low,0.5,0.6,objective,good,partial,major,0.5,curable,costly,,clean,cure-costs,0.3,partly,known & treatable,True,True,True,False,False,True,False,False,50000000.0,cost|evidence-incomplete|knowledge|logistics,academic|government|health-system|manufacturer|nonprofit|payer|philanthropy|regulator|sponsor,FND-A-0145
retinopathy-of-prematurity,Retinopathy of prematurity,disease,unresolved,False,False,established,curative,risk-reduction,low,0.85,0.35,objective,partial,none,major,0.8,curable,costly,catastrophic,harsh,both,0.2975,barely,known & treatable,True,True,False,False,True,True,False,True,10000000.0,knowledge|logistics|policy|tooling,academic|government|health-system|manufacturer|nonprofit|payer|philanthropy|regulator|software|sponsor,FND-A-0133
renal-cell-carcinoma,renal cell carcinoma,disease,MONDO:0005086,False,False,established,curative,risk-reduction,moderate,0.65,0.45,objective,partial,partial,major,0.3,curable,costly,,clean,cure-costs,0.2925,barely,known & treatable,True,True,True,False,False,True,False,False,1000000000.0,cost|diagnosis|knowledge|logistics,academic|government|health-system|manufacturer|payer|philanthropy|sponsor,FND-A-0063
echinococcosis,echinococcosis,disease,MONDO:0005738,False,False,established,curative,risk-reduction,moderate,0.8,0.35,objective,good,partial,major,0.1,curable,costly,,clean,cure-costs,0.28,barely,known & treatable,True,True,True,False,False,True,False,False,50000000.0,diagnosis|evidence-incomplete|knowledge|logistics,academic|government|health-system|legislator|nonprofit|philanthropy|sponsor,FND-A-0032
nasopharyngeal-carcinoma,nasopharyngeal carcinoma,disease,MONDO:0015459,False,True,established,curative,risk-reduction,moderate,0.7,0.4,objective,good,partial,major,0.5,curable,costly,major,costly,both,0.28,barely,known & treatable,True,True,True,False,False,True,False,False,200000000.0,cost|diagnosis|knowledge|logistics|no-sponsor,academic|government|health-system|manufacturer|nonprofit|payer|philanthropy|regulator|sponsor,FND-A-0104
penile-cancer,penile cancer,disease,MONDO:0001325,False,False,established,curative,risk-reduction,low,0.7,0.4,objective,good,none,catastrophic,0.55,curable,harsh,major,costly,both,0.28,barely,known & treatable,True,False,False,False,True,True,False,True,100000000.0,knowledge|logistics|policy,academic|government|health-system|manufacturer|nonprofit|patient-org|payer|philanthropy|sponsor,FND-A-0125
vaginal-cancer,vaginal cancer,disease,MONDO:0001402,False,False,established,curative,prophylaxis,low,0.55,0.5,objective,partial,none,major,0.45,curable,costly,,clean,cure-costs,0.275,barely,known & treatable,True,False,False,False,True,True,False,True,30000000.0,diagnosis|knowledge|logistics,academic|government|health-system|nonprofit|patient-org|payer,FND-A-0127
smallpox,smallpox,disease,MONDO:0004651,False,False,established,symptomatic,eradicated,none,0.85,0.3,objective,good,n/a,minor,0.0,curable,clean,major,costly,disease-residue,0.255,barely,known & treatable,False,True,False,False,False,False,False,False,100000000.0,diagnosis|manufacturing|policy,academic|government|health-system|legislator|manufacturer|nonprofit|philanthropy|regulator|sponsor,FND-A-0048
invasive-aspergillosis,invasive aspergillosis,disease,MONDO:0000240,False,False,established,curative,risk-reduction,moderate,0.55,0.45,clinical,partial,partial,major,0.3,curable,costly,major,costly,both,0.2475,barely,known & treatable,True,False,True,False,False,True,False,False,50000000.0,diagnosis|knowledge|no-sponsor|policy,academic|government|health-system|legislator|manufacturer|nonprofit|payer|philanthropy|regulator|sponsor,FND-A-0111
cirrhosis,cirrhosis,syndrome,MONDO:0005155,False,False,established,curative,prophylaxis,moderate,0.7,0.35,objective,good,partial,major,0.1,curable,costly,major,costly,both,0.245,barely,known & treatable,True,True,False,False,False,True,False,False,1000000000.0,diagnosis|knowledge|logistics|policy,academic|government|health-system|legislator|manufacturer|nonprofit|patient-org|payer|philanthropy|regulator|sponsor,FND-A-0083
ebola,Ebola virus disease,disease,MONDO:0005737,False,False,established,curative,prophylaxis,low,0.7,0.35,objective,partial,partial,minor,0.01,curable,clean,major,costly,disease-residue,0.245,barely,known & treatable,True,True,True,False,False,False,False,False,500000000.0,knowledge|logistics|no-sponsor|policy,academic|government|health-system|manufacturer|nonprofit|patient-org|philanthropy|regulator|sponsor,FND-A-0045
bladder-cancer,bladder cancer,disease,MONDO:0001187,False,False,established,curative,risk-reduction,high,0.6,0.4,objective,partial,partial,major,0.4,curable,costly,,clean,cure-costs,0.24,barely,known & treatable,True,True,True,False,False,True,False,False,1000000000.0,cost|diagnosis|knowledge|manufacturing,academic|government|health-system|manufacturer|payer|philanthropy|regulator|sponsor,FND-A-0062
sepsis,sepsis,syndrome,unresolved,False,True,partial,curative,prophylaxis,low,0.8,0.3,clinical,partial,none,major,0.15,curable,costly,major,costly,both,0.24,barely,known & treatable,True,True,False,False,True,True,False,True,500000000.0,diagnosis|evidence-incomplete|knowledge|logistics|policy,academic|government|health-system|manufacturer|nonprofit|payer|philanthropy|regulator|sponsor,FND-A-0071
clubfoot,Clubfoot,disease,unresolved,False,False,partial,curative,none,low,0.95,0.25,objective,partial,partial,minor,0.02,curable,clean,minor,clean,restored,0.2375,barely,known & treatable,True,True,False,False,False,False,False,False,50000000.0,adherence|cost|knowledge|logistics,academic|government|health-system|nonprofit|patient-org|payer|philanthropy,FND-A-0136
colorectal-cancer,colorectal cancer,disease,MONDO:0005575,False,False,established,curative,prophylaxis,moderate,0.65,0.35,objective,partial,partial,major,0.35,curable,costly,,clean,cure-costs,0.2275,barely,known & treatable,True,True,True,False,False,True,False,False,2000000000.0,adherence|cost|knowledge|logistics,academic|government|health-system|manufacturer|nonprofit|patient-org|payer|philanthropy|sponsor,FND-A-0052
snakebite,snakebite envenoming,disease,MONDO:0018669,False,False,established,curative,risk-reduction,low,0.9,0.25,clinical,partial,none,minor,0.05,curable,clean,major,costly,disease-residue,0.225,barely,known & treatable,True,False,False,False,False,False,False,False,10000000.0,diagnosis|logistics|manufacturing|no-sponsor,academic|government|health-system|manufacturer|nonprofit|philanthropy,FND-A-0012
cryptococcal-meningitis,cryptococcal meningitis,disease,MONDO:0005723,False,False,established,curative,prophylaxis,moderate,0.75,0.3,objective,good,partial,major,0.35,curable,costly,major,costly,both,0.225,barely,known & treatable,True,False,False,False,False,True,False,False,10000000.0,diagnosis|knowledge|logistics,academic|government|health-system|manufacturer|nonprofit|philanthropy|regulator|sponsor,FND-A-0110
non-hodgkin-lymphoma,non-Hodgkin lymphoma,disease,MONDO:0018908,True,False,established,curative,risk-reduction,moderate,0.55,0.4,objective,partial,partial,major,0.35,curable,costly,,clean,cure-costs,0.22,barely,known & treatable,True,False,True,False,False,True,False,False,2000000000.0,cost|diagnosis|knowledge|logistics,academic|government|health-system|manufacturer|nonprofit|payer|philanthropy|regulator|software|sponsor,FND-A-0057
mycoplasma-genitalium,Mycoplasma genitalium infection,disease,MONDO:1030003,False,False,partial,curative,risk-reduction,none,0.7,0.3,objective,none,good,minor,0.04,curable,clean,minor,clean,restored,0.21,barely,known & treatable,True,False,False,False,False,False,False,False,200000000.0,diagnosis|knowledge|no-sponsor|policy,academic|government|health-system|manufacturer|payer|philanthropy|regulator|sponsor,FND-A-0123
taeniasis-cysticercosis,taeniasis and cysticercosis,disease,unresolved,False,False,established,curative,risk-reduction,moderate,0.7,0.3,objective,none,none,major,0.05,curable,costly,major,costly,both,0.21,barely,known & treatable,True,False,False,True,True,True,False,True,100000000.0,diagnosis|knowledge|logistics|policy,academic|government|health-system|legislator|manufacturer|nonprofit|payer|philanthropy|regulator|sponsor,FND-A-0039
head-neck-cancer,head and neck cancer,disease,MONDO:0010150,False,True,established,curative,prophylaxis,moderate,0.55,0.35,objective,good,partial,catastrophic,0.25,curable,harsh,,clean,cure-costs,0.1925,barely,known & treatable,True,True,True,False,False,True,False,False,1000000000.0,cost|diagnosis|knowledge|logistics|policy,academic|government|health-system|legislator|manufacturer|nonprofit|patient-org|payer|philanthropy|regulator|sponsor,FND-A-0103
hepatitis-c,chronic hepatitis C,disease,MONDO:0005354,False,False,established,curative,risk-reduction,none,0.95,0.2,objective,partial,n/a,none,0.0,curable,clean,major,costly,disease-residue,0.19,barely,known & treatable,True,False,False,False,False,False,False,False,1000000000.0,cost|diagnosis|logistics,government|health-system|manufacturer|nonprofit|payer,FND-A-0002
cervical-cancer,cervical cancer,disease,MONDO:0002974,False,False,established,curative,prophylaxis,moderate,0.6,0.3,objective,partial,partial,major,0.5,curable,costly,,clean,cure-costs,0.18,barely,known & treatable,True,True,True,False,False,True,False,False,1000000000.0,cost|knowledge|logistics|policy,academic|government|health-system|legislator|manufacturer|nonprofit|patient-org|payer|philanthropy|sponsor,FND-A-0053
cre,infection with carbapenem-resistant Enterobacterales,syndrome,unresolved,False,False,established,curative,risk-reduction,low,0.6,0.25,objective,partial,good,major,0.2,curable,costly,,clean,cure-costs,0.15,barely,known & treatable,True,True,False,False,False,True,False,False,3000000000.0,cost|diagnosis|knowledge|logistics,academic|government|health-system|manufacturer|nonprofit|payer|philanthropy|sponsor,FND-A-0068
gastric-cancer,gastric cancer,disease,MONDO:0001056,False,False,established,curative,prophylaxis,moderate,0.4,0.35,objective,partial,partial,major,0.5,curable,costly,,clean,cure-costs,0.14,barely,known & treatable,True,True,True,False,False,True,False,False,2000000000.0,cost|knowledge|logistics|policy,academic|government|health-system|manufacturer|payer|philanthropy|regulator|sponsor,FND-A-0059
osteoarthritis,osteoarthritis,disease,MONDO:0005178,False,True,partial,curative,risk-reduction,moderate,0.55,0.25,objective,partial,none,major,0.06,curable,costly,major,costly,both,0.1375,barely,known & treatable,True,True,True,False,True,True,False,True,500000000.0,cost|knowledge|logistics|policy|regulatory|tooling,academic|government|health-system|legislator|manufacturer|nonprofit|patient-org|payer|philanthropy|regulator|software|sponsor,FND-A-0097
congenital-heart-disease,congenital heart disease,disease,MONDO:0005453,False,False,partial,curative,risk-reduction,moderate,0.9,0.15,objective,partial,partial,major,0.2,curable,costly,major,costly,both,0.135,barely,known & treatable,True,True,True,False,False,True,False,False,1000000000.0,cost|diagnosis|knowledge|logistics,academic|government|health-system|nonprofit|patient-org|payer|philanthropy|sponsor,FND-A-0095
obstetric-fistula,Obstetric fistula,disease,unresolved,False,False,established,curative,prophylaxis,low,0.8,0.15,objective,partial,partial,minor,0.05,curable,clean,catastrophic,harsh,disease-residue,0.12,barely,known & treatable,True,True,False,False,False,False,False,False,300000000.0,knowledge|logistics|policy,academic|government|health-system|nonprofit|patient-org|payer|philanthropy|sponsor,FND-A-0137
mycetoma,mycetoma,disease,MONDO:0016823,False,False,established,curative,risk-reduction,high,0.5,0.2,objective,none,none,catastrophic,0.15,curable,harsh,major,costly,both,0.1,barely,known & treatable,True,True,False,True,True,True,False,True,50000000.0,diagnosis|evidence-incomplete|knowledge|logistics,academic|government|health-system|manufacturer|nonprofit|philanthropy|sponsor,FND-A-0030
noma,noma,disease,MONDO:0017124,False,False,partial,curative,risk-reduction,high,0.9,0.1,clinical,none,n/a,major,0.2,curable,costly,catastrophic,harsh,both,0.09,barely,known & treatable,True,True,False,True,False,True,False,True,50000000.0,diagnosis|knowledge|logistics|policy,academic|government|health-system|legislator|nonprofit|philanthropy,FND-A-0041
liver-cancer,liver cancer,disease,MONDO:0002691,False,False,established,curative,prophylaxis,high,0.3,0.3,objective,partial,none,major,0.4,curable,costly,,clean,cure-costs,0.09,barely,known & treatable,True,True,True,False,True,True,False,True,2000000000.0,diagnosis|knowledge|logistics|policy,academic|government|health-system|legislator|manufacturer|nonprofit|payer|philanthropy|regulator|software|sponsor,FND-A-0058
lung-cancer,lung cancer,disease,MONDO:0008903,False,False,established,curative,risk-reduction,moderate,0.35,0.25,objective,partial,good,major,0.3,curable,costly,,clean,cure-costs,0.0875,barely,known & treatable,True,True,True,False,False,True,False,False,4000000000.0,cost|diagnosis|knowledge|policy,academic|government|health-system|legislator|manufacturer|nonprofit|payer|philanthropy|sponsor,FND-A-0050
pancreatic-cancer,pancreatic cancer,disease,MONDO:0009831,False,False,established,curative,risk-reduction,moderate,0.22,0.3,objective,partial,partial,major,0.55,curable,costly,,clean,cure-costs,0.066,barely,known & treatable,True,True,True,False,False,True,False,False,1000000000.0,diagnosis|knowledge|logistics|no-sponsor,academic|government|health-system|manufacturer|patient-org|payer|philanthropy|regulator|software|sponsor,FND-A-0060
type-2-diabetes,type 2 diabetes,disease,MONDO:0005148,False,False,established,curative,risk-reduction,moderate,0.35,0.1,objective,partial,partial,major,0.05,curable,costly,major,costly,both,0.035,undelivered,known & treatable,True,True,True,False,False,True,False,False,5000000000.0,cost|diagnosis|knowledge|logistics|policy,academic|government|health-system|legislator|manufacturer|nonprofit|payer|philanthropy|regulator|sponsor,FND-A-0081
chagas,Chagas disease,disease,MONDO:0001444,False,False,partial,curative,risk-reduction,low,0.6,0.05,objective,none,none,minor,0.03,curable,clean,major,costly,disease-residue,0.03,undelivered,known & treatable,True,True,True,False,False,False,False,False,50000000.0,diagnosis|knowledge|logistics|no-sponsor,academic|government|health-system|nonprofit|patient-org|philanthropy|sponsor,FND-A-0022
sickle-cell,sickle cell disease,disease,MONDO:0011382,False,False,established,curative,risk-reduction,high,0.9,0.001,objective,partial,partial,catastrophic,0.99,curable,harsh,major,costly,both,0.0009,undelivered,known & treatable,True,True,False,False,False,True,False,False,100000000.0,cost|knowledge|logistics,academic|government|health-system|manufacturer|nonprofit|payer|philanthropy|sponsor,FND-A-0006
hiv,HIV infection,disease,MONDO:0005109,False,False,established,suppressive,prophylaxis,low,0.95,0.76,objective,good,good,minor,0.05,managed,clean,minor,clean,restored,0.722,mostly,known & treatable,False,False,False,False,False,False,False,False,1000000000.0,knowledge|logistics|policy,academic|government|health-system|legislator|nonprofit|sponsor,FND-A-0004
lymphatic-filariasis,lymphatic filariasis,disease,MONDO:0005761,False,False,established,suppressive,risk-reduction,low,0.9,0.8,objective,none,partial,minor,0.0,managed,clean,major,costly,disease-residue,0.72,mostly,known & treatable,False,True,True,False,False,False,False,False,100000000.0,diagnosis|knowledge|logistics|no-sponsor,academic|government|health-system|manufacturer|nonprofit|payer|philanthropy|sponsor,FND-A-0028
onchocerciasis,onchocerciasis,disease,MONDO:0017137,False,False,established,suppressive,risk-reduction,low,0.9,0.75,objective,none,partial,minor,0.0,managed,clean,major,costly,disease-residue,0.675,mostly,known & treatable,False,True,False,False,False,False,False,False,50000000.0,diagnosis|knowledge|logistics|no-sponsor,academic|government|health-system|manufacturer|nonprofit|philanthropy|sponsor,FND-A-0027
pku,phenylketonuria,disease,MONDO:0009861,False,False,established,suppressive,prophylaxis,high,0.95,0.7,objective,good,good,none,0.0,managed,clean,minor,clean,restored,0.665,mostly,known & treatable,False,True,False,False,False,False,False,False,10000000.0,adherence|cost|diagnosis|knowledge,academic|government|health-system|nonprofit|patient-org|payer|philanthropy|sponsor,FND-A-0003
cholera,cholera,disease,MONDO:0015766,False,False,established,disease-modifying,prophylaxis,none,0.98,0.55,clinical,good,n/a,none,0.0,partial,clean,,clean,restored,0.539,partly,known & modifiable,True,True,False,False,False,False,False,False,1000000000.0,knowledge|logistics|manufacturing|policy,academic|government|health-system|legislator|manufacturer|nonprofit|philanthropy|regulator,FND-A-0065
genital-herpes,genital herpes,disease,MONDO:0005770,False,False,established,suppressive,risk-reduction,low,0.75,0.6,objective,partial,partial,none,0.0,managed,clean,major,costly,disease-residue,0.45,partly,known & treatable,True,False,False,False,False,False,False,False,100000000.0,knowledge|policy,academic|government|health-system|manufacturer|nonprofit|patient-org|philanthropy|sponsor,FND-A-0119
cml,chronic myeloid leukaemia,disease,MONDO:0011996,False,False,established,suppressive,none,moderate,0.9,0.45,objective,good,good,minor,0.05,managed,clean,,clean,restored,0.405,partly,known & treatable,True,True,True,False,False,False,False,False,1000000000.0,cost|knowledge|logistics|tooling,academic|government|health-system|manufacturer|nonprofit|payer|philanthropy|regulator|sponsor,FND-A-0056
hpv-infection,anogenital HPV infection,disease,MONDO:0005647,False,False,established,symptomatic,prophylaxis,low,0.55,0.65,objective,partial,n/a,minor,0.05,preventable,clean,minor,clean,restored,0.3575,—,known & treatable,True,False,False,False,False,False,False,False,400000000.0,diagnosis|knowledge|policy,academic|government|health-system|manufacturer|nonprofit|payer|philanthropy|sponsor,FND-A-0120
parkinsons,Parkinson's disease,disease,MONDO:0005180,False,False,partial,symptomatic,risk-reduction,high,0.65,0.55,clinical,partial,partial,major,0.15,unsolved,costly,,clean,n/a,0.3575,—,engineering problem,False,True,False,False,False,False,False,False,1000000000.0,diagnosis|evidence-incomplete|knowledge|logistics|policy,academic|government|health-system|legislator|manufacturer|nonprofit|patient-org|payer|philanthropy|regulator|sponsor,FND-A-0088
atrial-fibrillation,atrial fibrillation,disease,MONDO:0004981,False,False,established,suppressive,risk-reduction,moderate,0.7,0.45,objective,good,partial,major,0.05,managed,costly,,clean,cure-costs,0.315,partly,known & treatable,True,True,False,False,False,True,False,False,800000000.0,adherence|cost|diagnosis|evidence-incomplete|knowledge,academic|government|health-system|manufacturer|patient-org|payer|philanthropy|regulator|sponsor,FND-A-0084
ischaemic-heart-disease,ischaemic heart disease,disease,MONDO:0005010,False,False,established,disease-modifying,risk-reduction,moderate,0.75,0.4,objective,partial,partial,minor,0.03,partial,clean,major,costly,disease-residue,0.3,partly,known & modifiable,True,True,False,False,False,False,False,False,500000000.0,adherence|knowledge|logistics|policy,academic|government|health-system|legislator|manufacturer|nonprofit|philanthropy|sponsor,FND-A-0042
type-1-diabetes,type 1 diabetes,disease,MONDO:0005147,False,False,established,suppressive,risk-reduction,high,0.75,0.4,objective,partial,partial,major,0.015,managed,costly,,clean,cure-costs,0.3,partly,known & treatable,True,True,False,False,False,True,False,False,500000000.0,cost|diagnosis|knowledge|logistics|regulatory,academic|government|health-system|legislator|manufacturer|nonprofit|patient-org|payer|philanthropy|regulator|sponsor,FND-A-0080
toxoplasmosis,toxoplasmosis,disease,MONDO:0005989,False,False,established,disease-modifying,risk-reduction,low,0.6,0.5,objective,partial,none,major,0.25,partial,costly,catastrophic,harsh,both,0.3,partly,known & modifiable,True,False,True,False,True,True,False,True,50000000.0,cost|evidence-incomplete|knowledge,academic|government|health-system|legislator|manufacturer|payer|philanthropy|regulator|sponsor,FND-A-0115
asthma,asthma,disease,MONDO:0004979,False,True,partial,suppressive,risk-reduction,moderate,0.85,0.35,objective,partial,partial,major,0.05,managed,costly,major,costly,both,0.2975,barely,known & treatable,True,True,True,False,False,True,False,False,1000000000.0,adherence|cost|diagnosis|knowledge|logistics|policy,academic|government|health-system|legislator|manufacturer|nonprofit|patient-org|payer|philanthropy|regulator|software|sponsor,FND-A-0098
refractive-error,Uncorrected refractive error,disease,unresolved,False,False,established,suppressive,risk-reduction,low,0.98,0.3,objective,partial,good,none,0.0,managed,clean,major,costly,disease-residue,0.294,barely,known & treatable,True,True,False,False,False,False,False,False,500000000.0,cost|knowledge|logistics|policy,academic|government|health-system|legislator|manufacturer|nonprofit|payer|philanthropy|sponsor,FND-A-0134
acute-bronchitis,acute bronchitis,disease,MONDO:0003781,False,False,established,symptomatic,risk-reduction,none,0.3,0.95,clinical,good,none,minor,0.12,unsolved,clean,,clean,n/a,0.285,—,engineering problem,False,False,False,False,False,False,False,False,80000000.0,diagnosis|evidence-incomplete|knowledge|policy,academic|government|health-system|manufacturer|payer|regulator|sponsor,FND-A-0114
cystic-fibrosis,cystic fibrosis,disease,MONDO:0009061,False,False,established,suppressive,risk-reduction,high,0.8,0.35,objective,partial,good,minor,0.01,managed,clean,major,costly,disease-residue,0.28,barely,known & treatable,True,True,True,False,False,False,False,False,150000000.0,candidate-untested|cost|diagnosis|evidence-incomplete|knowledge|logistics,academic|government|health-system|manufacturer|nonprofit|patient-org|payer|philanthropy|regulator|sponsor,FND-A-0091
measles,measles,disease,MONDO:0004619,False,False,established,symptomatic,prophylaxis,none,0.5,0.55,objective,partial,n/a,minor,0.001,preventable,clean,major,costly,disease-residue,0.275,—,known & treatable,True,True,False,False,False,False,False,False,1000000000.0,knowledge|logistics|policy,academic|government|health-system|legislator|manufacturer|nonprofit|patient-org|philanthropy|sponsor,FND-A-0049
epilepsy,epilepsy,syndrome,MONDO:0005027,False,False,partial,suppressive,risk-reduction,moderate,0.68,0.4,clinical,partial,none,major,0.02,managed,costly,,clean,cure-costs,0.272,barely,known & treatable,True,False,False,False,True,True,False,True,100000000.0,knowledge|logistics|policy,academic|government|health-system|legislator|nonprofit|philanthropy|sponsor,FND-A-0008
mcas,mast cell activation syndrome,syndrome,MONDO:0100004,True,True,partial,suppressive,none,moderate,0.9,0.3,objective,partial,partial,minor,0.0,managed,clean,,clean,restored,0.27,barely,known & treatable,True,False,False,False,False,False,False,False,20000000.0,diagnosis|evidence-incomplete|knowledge,academic|health-system|manufacturer|nonprofit|patient-org|sponsor,FND-A-0021
keloid,Keloid scarring,disease,unresolved,False,False,correlates,symptomatic,risk-reduction,moderate,0.35,0.7,clinical,none,none,major,0.4,unsolved,costly,,clean,n/a,0.245,—,frontier,False,True,False,False,False,False,False,False,100000000.0,knowledge|no-sponsor|policy|tooling,academic|government|health-system|nonprofit|patient-org|payer|philanthropy|regulator|sponsor,FND-A-0141
multiple-sclerosis,multiple sclerosis,disease,MONDO:0005301,False,False,established,suppressive,risk-reduction,moderate,0.7,0.35,objective,partial,partial,major,0.03,managed,costly,major,costly,both,0.245,barely,known & treatable,True,True,True,False,False,True,False,False,800000000.0,cost|diagnosis|evidence-incomplete|knowledge|logistics,academic|government|health-system|legislator|manufacturer|nonprofit|payer|philanthropy|regulator|sponsor,FND-A-0087
low-back-pain,low back pain,complaint,unresolved,True,False,none,symptomatic,risk-reduction,moderate,0.3,0.8,complaint,none,none,major,0.05,unsolved,costly,,clean,n/a,0.24,—,frontier,False,False,False,False,False,False,False,False,100000000.0,knowledge|policy|tooling,academic|government|health-system|payer|software,FND-A-0010
rheumatoid-arthritis,rheumatoid arthritis,disease,MONDO:0008383,False,False,partial,suppressive,risk-reduction,moderate,0.65,0.35,objective,partial,none,major,0.05,managed,costly,major,costly,both,0.2275,barely,known & treatable,True,True,False,False,True,True,False,True,600000000.0,cost|diagnosis|evidence-incomplete|knowledge|logistics,academic|government|health-system|legislator|manufacturer|nonprofit|payer|philanthropy|regulator|sponsor,FND-A-0094
crohns,Crohn's disease,disease,MONDO:0005011,False,False,partial,suppressive,risk-reduction,high,0.55,0.4,objective,none,none,catastrophic,0.5,managed,harsh,,clean,cure-costs,0.22,barely,known & treatable,True,True,False,True,True,True,False,True,100000000.0,cost|diagnosis|evidence-incomplete|knowledge,academic|government|health-system|manufacturer|nonprofit|payer|software|sponsor,FND-A-0016
h5n1,H5N1 avian influenza,disease,MONDO:0018695,False,False,established,disease-modifying,prophylaxis,low,0.55,0.4,objective,partial,partial,minor,0.01,partial,clean,major,costly,disease-residue,0.22,barely,known & modifiable,True,True,False,False,False,False,False,False,1000000000.0,knowledge|logistics|manufacturing|policy,academic|government|health-system|legislator|manufacturer|nonprofit|payer|philanthropy|regulator|sponsor,FND-A-0047
schizophrenia,schizophrenia,disease,MONDO:0005090,False,True,partial,suppressive,risk-reduction,high,0.55,0.4,clinical,partial,none,major,0.2,managed,costly,,clean,cure-costs,0.22,barely,known & treatable,True,True,False,False,True,True,False,True,500000000.0,evidence-incomplete|knowledge|logistics|policy,academic|government|health-system|legislator|manufacturer|nonprofit|patient-org|payer|philanthropy|regulator|sponsor,FND-A-0089
hypertension,hypertension,disease,MONDO:0005044,False,True,partial,suppressive,risk-reduction,low,0.85,0.25,objective,good,partial,minor,0.02,managed,clean,,clean,restored,0.2125,barely,known & treatable,True,True,True,False,False,False,False,False,3000000000.0,adherence|diagnosis|knowledge|logistics|policy,academic|government|health-system|legislator|manufacturer|nonprofit|payer|philanthropy|regulator|sponsor,FND-A-0085
pots,postural orthostatic tachycardia syndrome,syndrome,unresolved,False,True,partial,suppressive,none,moderate,0.5,0.4,objective,partial,none,minor,0.02,managed,clean,,clean,restored,0.2,barely,known & treatable,True,False,False,False,False,False,False,False,10000000.0,diagnosis|evidence-incomplete|knowledge|no-sponsor,academic|government|health-system|nonprofit|patient-org|philanthropy|sponsor,FND-A-0020
rheumatic-heart-disease,rheumatic heart disease,disease,MONDO:0006955,False,False,partial,disease-modifying,prophylaxis,high,0.8,0.25,objective,none,partial,major,0.2,partial,costly,,clean,cure-costs,0.2,barely,known & modifiable,True,True,False,True,False,True,False,True,10000000.0,candidate-untested|diagnosis|logistics|manufacturing,academic|government|health-system|manufacturer|nonprofit|philanthropy|software|sponsor,FND-A-0013
glaucoma,Glaucoma,disease,unresolved,False,False,partial,suppressive,none,moderate,0.75,0.25,objective,partial,none,minor,0.05,managed,clean,catastrophic,harsh,disease-residue,0.1875,barely,known & treatable,True,True,False,False,False,False,False,False,200000000.0,adherence|diagnosis|knowledge|logistics,academic|government|health-system|nonprofit|patient-org|payer|philanthropy|software|sponsor,FND-A-0132
varicella-zoster,varicella zoster infection,disease,MONDO:0005608,False,False,established,symptomatic,prophylaxis,low,0.4,0.45,clinical,partial,none,minor,0.05,preventable,clean,major,costly,disease-residue,0.18,—,known & treatable,True,False,False,False,False,False,False,False,1000000000.0,cost|knowledge,academic|government|health-system|manufacturer|payer|philanthropy|sponsor,FND-A-0128
bipolar,bipolar disorder,disease,MONDO:0004985,False,False,correlates,suppressive,none,high,0.55,0.3,clinical,none,none,major,0.1,managed,costly,,clean,cure-costs,0.165,barely,empirical luck,True,False,False,True,True,True,False,True,10000000.0,diagnosis|knowledge|logistics|no-sponsor,academic|government|health-system|nonprofit|philanthropy|software,FND-A-0011
copd,chronic obstructive pulmonary disease,disease,MONDO:0005002,False,False,established,symptomatic,risk-reduction,high,0.55,0.3,objective,partial,partial,major,0.1,unsolved,costly,,clean,n/a,0.165,—,engineering problem,False,True,False,False,False,False,False,False,2000000000.0,diagnosis|knowledge|logistics|policy,academic|government|health-system|legislator|manufacturer|nonprofit|payer|philanthropy|sponsor,FND-A-0044
endometriosis,Endometriosis,disease,unresolved,False,False,partial,suppressive,none,high,0.55,0.3,clinical,none,none,major,0.25,managed,costly,major,costly,both,0.165,barely,known & treatable,True,True,False,True,True,True,False,True,500000000.0,diagnosis|knowledge|logistics|no-sponsor,academic|government|health-system|nonprofit|patient-org|payer|philanthropy|sponsor,FND-A-0138
heart-failure,heart failure,syndrome,MONDO:0005252,False,True,partial,disease-modifying,risk-reduction,high,0.55,0.3,objective,good,partial,major,0.1,partial,costly,major,costly,both,0.165,barely,known & modifiable,True,True,True,False,False,True,False,False,3000000000.0,cost|diagnosis|knowledge|logistics|policy,academic|government|health-system|manufacturer|nonprofit|patient-org|payer|philanthropy|regulator|software|sponsor,FND-A-0101
chronic-kidney-disease,chronic kidney disease,disease,MONDO:0005300,False,False,established,suppressive,risk-reduction,high,0.65,0.25,objective,good,partial,major,0.15,managed,costly,,clean,cure-costs,0.1625,barely,known & treatable,True,True,True,False,False,True,False,False,2000000000.0,cost|diagnosis|knowledge|logistics|policy,academic|government|health-system|legislator|manufacturer|nonprofit|payer|philanthropy|regulator|sponsor,FND-A-0082
cmv-infection,cytomegalovirus infection,disease,MONDO:0005132,False,False,established,disease-modifying,risk-reduction,low,0.45,0.35,objective,partial,none,major,0.3,partial,costly,catastrophic,harsh,both,0.1575,barely,known & modifiable,True,False,True,False,True,True,False,True,50000000.0,diagnosis|knowledge|policy,academic|government|health-system|manufacturer|nonprofit|patient-org|payer|philanthropy|sponsor,FND-A-0129
hearing-loss,hearing loss,disease,MONDO:0005365,False,True,established,suppressive,prophylaxis,moderate,0.75,0.2,objective,partial,partial,minor,0.03,managed,clean,major,costly,disease-residue,0.15,barely,known & treatable,True,True,True,False,False,False,False,False,1000000000.0,adherence|cost|knowledge|logistics|policy,academic|government|health-system|legislator|manufacturer|nonprofit|patient-org|payer|philanthropy|regulator|sponsor,FND-A-0096
depression,major depressive disorder,disease,MONDO:0002009,False,False,correlates,symptomatic,risk-reduction,moderate,0.5,0.3,clinical,none,none,minor,0.05,unsolved,clean,,clean,n/a,0.15,—,frontier,False,False,False,False,False,False,False,False,100000000.0,evidence-incomplete|knowledge|logistics,academic|government|health-system|nonprofit|software,FND-A-0007
marburg,Marburg virus disease,disease,MONDO:0020500,False,False,established,symptomatic,risk-reduction,low,0.6,0.25,objective,partial,n/a,minor,0.005,unsolved,clean,major,costly,n/a,0.15,—,engineering problem,False,True,False,False,False,False,False,False,200000000.0,knowledge|logistics|no-sponsor|regulatory,academic|government|health-system|manufacturer|nonprofit|philanthropy|regulator|sponsor,FND-A-0046
duchenne,Duchenne muscular dystrophy,disease,MONDO:0010679,False,False,established,disease-modifying,risk-reduction,high,0.4,0.35,objective,partial,partial,major,0.3,partial,costly,,clean,cure-costs,0.14,barely,known & modifiable,True,True,False,False,False,True,False,False,500000000.0,cost|diagnosis|knowledge|logistics|regulatory,academic|government|health-system|legislator|manufacturer|nonprofit|patient-org|payer|philanthropy|regulator|sponsor,FND-A-0093
spinal-muscular-atrophy,spinal muscular atrophy,disease,MONDO:0019079,False,False,established,suppressive,risk-reduction,moderate,0.7,0.2,objective,good,partial,major,0.02,managed,costly,major,costly,both,0.14,barely,known & treatable,True,True,False,False,False,True,False,False,500000000.0,cost|diagnosis|evidence-incomplete|knowledge|logistics,academic|government|health-system|manufacturer|nonprofit|patient-org|payer|philanthropy|regulator|sponsor,FND-A-0092
migraine,Migraine,disease,unresolved,False,False,partial,suppressive,none,moderate,0.5,0.25,clinical,partial,none,major,0.1,managed,costly,,clean,cure-costs,0.125,barely,known & treatable,True,True,False,False,True,True,False,True,500000000.0,cost|diagnosis|knowledge|policy,academic|government|health-system|manufacturer|nonprofit|patient-org|payer|philanthropy|sponsor,FND-A-0135
multiple-system-atrophy,Multiple system atrophy,disease,unresolved,False,False,partial,symptomatic,none,high,0.25,0.5,clinical,partial,none,minor,0.2,unsolved,clean,,clean,n/a,0.125,—,engineering problem,False,False,False,False,False,False,False,False,500000000.0,diagnosis|knowledge|logistics|no-sponsor,academic|government|health-system|nonprofit|patient-org|payer|philanthropy|sponsor,FND-A-0143
stroke,stroke,disease,MONDO:0005098,False,False,established,disease-modifying,risk-reduction,moderate,0.5,0.25,objective,partial,partial,major,0.05,partial,costly,catastrophic,harsh,both,0.125,barely,known & modifiable,True,True,True,False,False,True,False,False,5000000000.0,diagnosis|knowledge|logistics|policy,academic|government|health-system|legislator|manufacturer|nonprofit|payer|philanthropy|sponsor,FND-A-0043
cryptosporidiosis,cryptosporidiosis,disease,MONDO:0015474,False,False,established,symptomatic,risk-reduction,low,0.25,0.45,objective,partial,none,minor,0.05,unsolved,clean,major,costly,n/a,0.1125,—,engineering problem,False,False,True,False,False,False,False,False,50000000.0,evidence-incomplete|knowledge|policy|tooling,academic|government|health-system|legislator|manufacturer|nonprofit|philanthropy|regulator|sponsor,FND-A-0116
cerebral-palsy,cerebral palsy,syndrome,MONDO:0006497,False,False,established,symptomatic,risk-reduction,high,0.55,0.2,clinical,good,none,major,0.05,unsolved,costly,,clean,n/a,0.11,—,engineering problem,False,True,False,False,False,False,False,False,500000000.0,cost|diagnosis|evidence-incomplete|knowledge|logistics|policy,academic|government|health-system|legislator|manufacturer|nonprofit|patient-org|payer|philanthropy|regulator|software|sponsor,FND-A-0100
idiopathic-pulmonary-fibrosis,idiopathic pulmonary fibrosis,disease,MONDO:0800504,True,True,partial,disease-modifying,risk-reduction,high,0.35,0.3,objective,partial,none,minor,0.05,partial,clean,,clean,restored,0.105,barely,known & modifiable,True,True,True,False,False,False,False,False,500000000.0,cost|diagnosis|evidence-incomplete|knowledge,academic|government|health-system|manufacturer|nonprofit|patient-org|payer|philanthropy|regulator|sponsor,FND-A-0109
influenza,seasonal influenza,disease,MONDO:0005812,False,False,established,symptomatic,prophylaxis,low,0.35,0.3,objective,partial,partial,minor,0.02,preventable,clean,,clean,restored,0.105,—,known & treatable,True,True,False,False,False,False,False,False,500000000.0,cost|evidence-incomplete|knowledge|manufacturing|policy,academic|government|health-system|legislator|manufacturer|nonprofit|payer|philanthropy|regulator|sponsor,FND-A-0078
hepatitis-b,chronic hepatitis B,disease,MONDO:0005366,False,False,established,suppressive,prophylaxis,moderate,0.95,0.08,objective,partial,partial,minor,0.02,managed,clean,major,costly,disease-residue,0.076,barely,known & treatable,True,True,True,False,False,False,False,False,2000000000.0,diagnosis|knowledge|logistics|policy,academic|government|health-system|legislator|manufacturer|nonprofit|payer|philanthropy|sponsor,FND-A-0076
osteoporosis,osteoporosis,disease,MONDO:0005298,False,True,established,suppressive,risk-reduction,low,0.5,0.15,objective,good,none,major,0.002,managed,costly,major,costly,both,0.075,barely,known & treatable,True,True,False,False,True,True,False,True,1000000000.0,adherence|cost|diagnosis|knowledge|logistics,academic|government|health-system|manufacturer|nonprofit|patient-org|payer|philanthropy|regulator|sponsor,FND-A-0102
als,amyotrophic lateral sclerosis,disease,MONDO:0004976,False,False,partial,disease-modifying,none,high,0.2,0.35,clinical,partial,partial,minor,0.02,partial,clean,,clean,restored,0.07,barely,known & modifiable,True,True,True,False,False,False,False,False,300000000.0,diagnosis|evidence-incomplete|knowledge|logistics,academic|government|health-system|manufacturer|nonprofit|patient-org|payer|philanthropy|regulator|software|sponsor,FND-A-0105
glioblastoma,glioblastoma,disease,MONDO:0018177,False,True,partial,disease-modifying,none,high,0.2,0.3,objective,good,partial,major,0.5,partial,costly,,clean,cure-costs,0.06,barely,known & modifiable,True,False,True,False,False,True,False,False,2000000000.0,cost|evidence-incomplete|knowledge|logistics,academic|government|health-system|manufacturer|nonprofit|patient-org|payer|philanthropy|regulator|sponsor,FND-A-0106
mesothelioma,mesothelioma,disease,MONDO:0005065,False,True,established,disease-modifying,prophylaxis,moderate,0.2,0.3,objective,good,none,major,0.25,partial,costly,,clean,cure-costs,0.06,barely,known & modifiable,True,True,True,False,True,True,False,True,500000000.0,diagnosis|evidence-incomplete|knowledge|policy,academic|government|health-system|legislator|manufacturer|nonprofit|patient-org|philanthropy|regulator|sponsor,FND-A-0108
obesity,obesity,disease,MONDO:0011122,False,True,established,suppressive,risk-reduction,moderate,0.75,0.08,objective,partial,partial,major,0.05,managed,costly,major,costly,both,0.06,barely,known & treatable,True,True,True,False,False,True,False,False,2000000000.0,cost|knowledge|logistics|policy,academic|government|health-system|legislator|manufacturer|nonprofit|payer|philanthropy|regulator|sponsor,FND-A-0086
tay-sachs,Tay-Sachs disease,disease,unresolved,False,False,established,symptomatic,risk-reduction,high,0.05,0.6,objective,good,none,minor,0.6,unsolved,clean,,clean,n/a,0.03,—,engineering problem,False,False,False,False,False,False,False,False,500000000.0,knowledge|logistics|no-sponsor,academic|government|health-system|nonprofit|patient-org|philanthropy|sponsor,FND-A-0144
disorders-of-consciousness,Disorders of consciousness,syndrome,unresolved,False,False,partial,symptomatic,risk-reduction,high,0.15,0.15,clinical,partial,none,minor,0.02,unsolved,clean,catastrophic,harsh,n/a,0.0225,—,engineering problem,False,True,False,False,False,False,False,False,30000000.0,diagnosis|knowledge|logistics|policy,academic|government|health-system|legislator|nonprofit|patient-org|payer|philanthropy|regulator,FND-A-0131
alzheimers,Alzheimer's disease,disease,MONDO:0004975,False,True,partial,disease-modifying,risk-reduction,high,0.25,0.08,objective,partial,partial,major,0.02,partial,costly,,clean,cure-costs,0.02,undelivered,known & modifiable,True,True,True,False,False,True,False,False,1000000000.0,cost|diagnosis|evidence-incomplete|knowledge|logistics,academic|government|health-system|manufacturer|payer|philanthropy|regulator|sponsor,FND-A-0079
dipg,Diffuse intrinsic pontine glioma,disease,unresolved,False,False,partial,disease-modifying,none,moderate,0.02,0.55,objective,good,none,major,0.9,partial,costly,,clean,cure-costs,0.011,undelivered,known & modifiable,True,False,False,False,True,True,False,True,300000000.0,knowledge|no-sponsor|tooling,academic|government|health-system|nonprofit|patient-org|philanthropy|sponsor,FND-A-0142
dengue,dengue,disease,MONDO:0005502,False,False,established,symptomatic,prophylaxis,low,0.0,0.0,objective,partial,n/a,minor,0.0,preventable,clean,,clean,restored,0.0,—,known & treatable,True,True,False,False,False,False,False,False,100000000.0,diagnosis|knowledge|logistics|policy,academic|government|health-system|legislator|manufacturer|nonprofit|patient-org|philanthropy|sponsor,FND-A-0031
dracunculiasis,dracunculiasis,disease,MONDO:0016472,False,False,established,symptomatic,risk-reduction,moderate,0.0,0.0,clinical,good,n/a,minor,0.02,unsolved,clean,major,costly,n/a,0.0,—,engineering problem,False,False,False,False,False,False,False,False,50000000.0,knowledge|logistics|policy|tooling,academic|government|health-system|manufacturer|nonprofit|philanthropy|sponsor,FND-A-0040
heds,hypermobile Ehlers-Danlos syndrome,syndrome,MONDO:0007523,False,True,correlates,symptomatic,none,high,0.0,0.0,clinical,none,none,major,0.15,unsolved,costly,,clean,n/a,0.0,—,frontier,False,True,False,False,False,False,False,False,10000000.0,diagnosis|evidence-incomplete|knowledge|logistics,academic|government|health-system|patient-org|payer|sponsor,FND-A-0019
huntington,Huntington's disease,disease,MONDO:0007739,False,False,partial,symptomatic,none,high,0.0,0.0,objective,good,n/a,minor,0.0,unsolved,clean,,clean,n/a,0.0,—,engineering problem,False,False,False,False,False,False,True,False,,knowledge,academic|sponsor,FND-A-0005
me-cfs,myalgic encephalomyelitis / chronic fatigue syndrome,syndrome,MONDO:0005404,False,True,correlates,none,none,high,0.0,0.0,clinical,none,n/a,major,0.0,unsolved,costly,,clean,n/a,0.0,—,frontier,False,False,False,False,False,False,False,False,100000000.0,knowledge|no-sponsor|tooling,academic|government|nonprofit|patient-org|philanthropy|software,FND-A-0009
msmds,multisystemic smooth muscle dysfunction syndrome,syndrome,MONDO:0013452,False,False,established,symptomatic,none,high,0.0,0.0,objective,partial,n/a,major,0.8,unsolved,costly,,clean,n/a,0.0,—,engineering problem,False,True,False,False,False,False,False,False,,knowledge|no-sponsor|tooling,academic|nonprofit|patient-org|philanthropy|sponsor,FND-A-0018
prion-disease,prion disease,disease,MONDO:0005429,False,False,established,none,risk-reduction,moderate,0.0,0.0,objective,good,n/a,none,0.0,unsolved,clean,,clean,n/a,0.0,—,engineering problem,False,True,False,False,False,False,False,False,100000000.0,diagnosis|evidence-incomplete|knowledge|policy,academic|government|health-system|legislator|manufacturer|nonprofit|patient-org|philanthropy|regulator|sponsor,FND-A-0107
rabies,rabies,disease,MONDO:0019173,False,False,established,none,prophylaxis,low,0.0,0.0,clinical,good,n/a,none,0.0,preventable,clean,,clean,restored,0.0,—,known & treatable,True,True,False,False,False,False,False,False,200000000.0,cost|knowledge|logistics|policy,academic|government|health-system|legislator|manufacturer|nonprofit|payer|philanthropy|sponsor,FND-A-0037
